<application>
  <component name="AppStorage">
    <option name="newTranslationDialogWidth" value="598" />
    <option name="newTranslationDialogX" value="3458" />
    <option name="newTranslationDialogY" value="878" />
    <histories>
      <item value="France" />
      <item value="Async" />
      <item value="Vietnamese" />
      <item value="Vietnam" />
    </histories>
    <option name="languageScores">
      <map>
        <entry key="CHINESE" value="10" />
        <entry key="ENGLISH" value="14" />
      </map>
    </option>
  </component>
  <component name="Cache">
    <option name="lastTrimTime" value="1639641391815" />
  </component>
  <component name="Settings">
    <option name="googleTranslateSettings">
      <google-translate>
        <option name="primaryLanguage" value="CHINESE" />
      </google-translate>
    </option>
    <option name="targetLanguageSelection" value="PRIMARY_LANGUAGE" />
  </component>
</application>